{
  "temperature": 25.5345345345,
  "humidity": 60.2323232323,
  "time": "2020-03-03T13:59:06.652Z"
}
